protein,condition,sample,cell,edge_margin_um,min_track_length,n_tracks_raw,n_edge_removed,n_tracks_after_edge,n_tracks_used,median_D,mean_D,median_log10_D,median_track_length
SNAP25,500uM_H2O2_30min,1,1,0.3,5,2601,451,2150,2049,0.4428971706035966,0.6916425158123825,-0.3536970941455192,16.0
SNAP25,Ox_500uM_H2O2,1,1,0.3,5,2801,403,2398,2299,0.46710900587493404,0.7424762246074739,-0.3305817594215209,16.0
SNAP25,control,1,1,0.3,5,2334,368,1966,1870,0.4640337264467897,0.6714618078336546,-0.3334509359239202,17.0
SNAP25,500uM_H2O2_30min,1,2,0.3,5,1295,763,532,483,0.6006535445350465,1.2658617499133331,-0.22137595575409266,14.0
SNAP25,Ox_500uM_H2O2,1,2,0.3,5,1023,267,756,720,0.5183375686764307,0.8495549146901099,-0.28538731690832975,17.0
SNAP25,control,1,2,0.3,5,1704,358,1346,1285,0.5112095307444723,0.721828672391606,-0.29140105799686217,17.0
SNAP25,500uM_H2O2_30min,1,3,0.3,5,1354,165,1189,1116,0.3936921279657718,0.5903044531909608,-0.4048434311073313,16.0
SNAP25,Ox_500uM_H2O2,1,3,0.3,5,1487,250,1237,1179,0.4100893826746029,0.5650713694254792,-0.38712147456894697,18.0
SNAP25,control,1,3,0.3,5,1821,332,1489,1408,0.4368642968633711,0.651769558199679,-0.35965347156992145,17.0
SNAP25,500uM_H2O2_30min,2,1,0.3,5,2890,922,1968,1859,0.5508332606705812,0.9520800439808327,-0.2589798438516082,15.0
SNAP25,Ox_500uM_H2O2,2,1,0.3,5,4794,1072,3722,3572,0.5681247006437928,0.8647127380133084,-0.24555633301118818,15.0
SNAP25,control,2,1,0.3,5,4368,914,3454,3314,0.521809441709385,0.7795415614083762,-0.2824880806567913,16.0
SNAP25,500uM_H2O2_30min,2,2,0.3,5,2378,889,1489,1405,0.6602181529262686,1.3330482423171182,-0.18031253876468165,14.0
SNAP25,Ox_500uM_H2O2,2,2,0.3,5,2720,940,1780,1715,0.6860683058092678,1.2228508556443816,-0.16363264324475846,16.0
SNAP25,control,2,2,0.3,5,2181,711,1470,1410,0.5879943454254963,1.0076039529716025,-0.23062688524283811,16.0
SNAP25,500uM_H2O2_30min,2,3,0.3,5,2121,495,1626,1550,0.5771669446720123,1.0357222792379228,-0.2387004314695857,15.0
SNAP25,Ox_500uM_H2O2,2,3,0.3,5,2739,674,2065,1990,0.521283730827802,0.7997936352940401,-0.28292594680713357,17.0
SNAP25,control,2,3,0.3,5,2811,532,2279,2185,0.5385018929748937,0.8831250041134252,-0.2688127657047076,16.0
Syx,500uM_H2O2_30min,1,1,0.3,5,705,95,610,509,0.28715631182026863,0.5717272183664056,-0.5418816332968424,14.0
Syx,Ox_500uM_H2O2,1,1,0.3,5,493,275,218,186,0.23967897921047776,0.42957023415419154,-0.6203738664171323,13.0
Syx,control,1,1,0.3,5,893,514,379,329,0.2817123006083075,0.5719244869421514,-0.5501941896855699,14.0
Syx,500uM_H2O2_30min,1,2,0.3,5,2187,754,1433,1237,0.3562918460812963,0.7507202176242395,-0.44819411658364533,13.0
Syx,Ox_500uM_H2O2,1,2,0.3,5,2271,968,1303,1131,0.3571824847639749,0.7667907078952122,-0.44710984585532576,14.0
Syx,control,1,2,0.3,5,3537,817,2720,2398,0.4802707667543173,0.8638739161808309,-0.3185140521100406,15.0
Syx,500uM_H2O2_30min,1,3,0.3,5,3276,516,2760,2357,0.3250636761910505,0.6401067827870831,-0.4880315574529558,14.0
Syx,Ox_500uM_H2O2,1,3,0.3,5,923,243,680,584,0.3015894041968784,0.7114006485794645,-0.5205839823474696,14.0
Syx,control,1,3,0.3,5,2602,610,1992,1745,0.357171364175217,0.7679877486089844,-0.4471233674744523,15.0
Syx,500uM_H2O2_30min,2,1,0.3,5,564,215,349,310,0.10856809805710119,0.1496080904377778,-0.9643011706801928,16.0
Syx,Ox_500uM_H2O2,2,1,0.3,5,880,128,752,672,0.13594004459077763,0.18482672434727632,-0.8666530731061234,17.5
Syx,control,2,1,0.3,5,2209,463,1746,1588,0.13751824572363364,0.19972646736534672,-0.8616396764493384,15.0
Syx,500uM_H2O2_30min,2,2,0.3,5,905,602,303,267,0.16700810827159351,0.25014350859768575,-0.7772624432708136,15.0
Syx,Ox_500uM_H2O2,2,2,0.3,5,683,221,462,386,0.12474219997527992,0.20533321370953347,-0.9039888926075561,17.0
Syx,control,2,2,0.3,5,676,33,643,566,0.1754362392214871,0.2637641899119296,-0.7558808457150512,14.0
Syx,500uM_H2O2_30min,2,3,0.3,5,1318,422,896,799,0.21994393379051194,0.4153114129407075,-0.6576880116713755,15.0
Syx,Ox_500uM_H2O2,2,3,0.3,5,919,137,782,664,0.2060717683884394,0.31778292745835435,-0.6859817940162605,17.0
Syx,control,2,3,0.3,5,1639,295,1344,1244,0.25600639210998716,0.36958023035412013,-0.5917493088092742,15.0
Syx,500uM_H2O2_30min,3,1,0.3,5,2578,471,2107,1827,0.24525842309832607,0.43769293519147023,-0.6103760683830546,15.0
Syx,Ox_500uM_H2O2,3,1,0.3,5,2305,142,2163,1938,0.2539906156647762,0.3905459069168895,-0.5951824049180877,16.0
Syx,control,3,1,0.3,5,1274,483,791,686,0.2149212177636715,0.37827690749612697,-0.6677207127402629,15.0
Syx,500uM_H2O2_30min,3,2,0.3,5,956,516,440,409,0.20663623279587529,0.33242433123943843,-0.6847935244251244,16.0
Syx,Ox_500uM_H2O2,3,2,0.3,5,697,192,505,443,0.1917503226650946,0.2938868835214958,-0.7172638965755802,15.0
Syx,control,3,2,0.3,5,2261,478,1783,1594,0.19474633194315266,0.31770358557427464,-0.7105307464139755,16.0
Syx,500uM_H2O2_30min,3,3,0.3,5,1735,415,1320,1160,0.22844325655071934,0.37577120015055365,-0.6412233890892574,16.0
Syx,Ox_500uM_H2O2,3,3,0.3,5,1018,570,448,397,0.21743526524495224,0.41981372294358543,-0.6626700174749844,16.0
Syx,control,3,3,0.3,5,1238,328,910,812,0.2457342054218139,0.4153051106728818,-0.6095344277555745,16.0
SNAP25,500uM_H2O2_30min,1,1,0.3,10,2601,451,2150,2049,0.4428971706035966,0.6916425158123825,-0.3536970941455192,16.0
SNAP25,Ox_500uM_H2O2,1,1,0.3,10,2801,403,2398,2299,0.46710900587493404,0.7424762246074739,-0.3305817594215209,16.0
SNAP25,control,1,1,0.3,10,2334,368,1966,1870,0.4640337264467897,0.6714618078336546,-0.3334509359239202,17.0
SNAP25,500uM_H2O2_30min,1,2,0.3,10,1295,763,532,483,0.6006535445350465,1.2658617499133331,-0.22137595575409266,14.0
SNAP25,Ox_500uM_H2O2,1,2,0.3,10,1023,267,756,720,0.5183375686764307,0.8495549146901099,-0.28538731690832975,17.0
SNAP25,control,1,2,0.3,10,1704,358,1346,1285,0.5112095307444723,0.721828672391606,-0.29140105799686217,17.0
SNAP25,500uM_H2O2_30min,1,3,0.3,10,1354,165,1189,1116,0.3936921279657718,0.5903044531909608,-0.4048434311073313,16.0
SNAP25,Ox_500uM_H2O2,1,3,0.3,10,1487,250,1237,1179,0.4100893826746029,0.5650713694254792,-0.38712147456894697,18.0
SNAP25,control,1,3,0.3,10,1821,332,1489,1408,0.4368642968633711,0.651769558199679,-0.35965347156992145,17.0
SNAP25,500uM_H2O2_30min,2,1,0.3,10,2890,922,1968,1859,0.5508332606705812,0.9520800439808327,-0.2589798438516082,15.0
SNAP25,Ox_500uM_H2O2,2,1,0.3,10,4794,1072,3722,3572,0.5681247006437928,0.8647127380133084,-0.24555633301118818,15.0
SNAP25,control,2,1,0.3,10,4368,914,3454,3314,0.521809441709385,0.7795415614083762,-0.2824880806567913,16.0
SNAP25,500uM_H2O2_30min,2,2,0.3,10,2378,889,1489,1405,0.6602181529262686,1.3330482423171182,-0.18031253876468165,14.0
SNAP25,Ox_500uM_H2O2,2,2,0.3,10,2720,940,1780,1715,0.6860683058092678,1.2228508556443816,-0.16363264324475846,16.0
SNAP25,control,2,2,0.3,10,2181,711,1470,1410,0.5879943454254963,1.0076039529716025,-0.23062688524283811,16.0
SNAP25,500uM_H2O2_30min,2,3,0.3,10,2121,495,1626,1550,0.5771669446720123,1.0357222792379228,-0.2387004314695857,15.0
SNAP25,Ox_500uM_H2O2,2,3,0.3,10,2739,674,2065,1990,0.521283730827802,0.7997936352940401,-0.28292594680713357,17.0
SNAP25,control,2,3,0.3,10,2811,532,2279,2185,0.5385018929748937,0.8831250041134252,-0.2688127657047076,16.0
Syx,500uM_H2O2_30min,1,1,0.3,10,705,95,610,509,0.28715631182026863,0.5717272183664056,-0.5418816332968424,14.0
Syx,Ox_500uM_H2O2,1,1,0.3,10,493,275,218,186,0.23967897921047776,0.42957023415419154,-0.6203738664171323,13.0
Syx,control,1,1,0.3,10,893,514,379,329,0.2817123006083075,0.5719244869421514,-0.5501941896855699,14.0
Syx,500uM_H2O2_30min,1,2,0.3,10,2187,754,1433,1237,0.3562918460812963,0.7507202176242395,-0.44819411658364533,13.0
Syx,Ox_500uM_H2O2,1,2,0.3,10,2271,968,1303,1131,0.3571824847639749,0.7667907078952122,-0.44710984585532576,14.0
Syx,control,1,2,0.3,10,3537,817,2720,2398,0.4802707667543173,0.8638739161808309,-0.3185140521100406,15.0
Syx,500uM_H2O2_30min,1,3,0.3,10,3276,516,2760,2357,0.3250636761910505,0.6401067827870831,-0.4880315574529558,14.0
Syx,Ox_500uM_H2O2,1,3,0.3,10,923,243,680,584,0.3015894041968784,0.7114006485794645,-0.5205839823474696,14.0
Syx,control,1,3,0.3,10,2602,610,1992,1745,0.357171364175217,0.7679877486089844,-0.4471233674744523,15.0
Syx,500uM_H2O2_30min,2,1,0.3,10,564,215,349,310,0.10856809805710119,0.1496080904377778,-0.9643011706801928,16.0
Syx,Ox_500uM_H2O2,2,1,0.3,10,880,128,752,672,0.13594004459077763,0.18482672434727632,-0.8666530731061234,17.5
Syx,control,2,1,0.3,10,2209,463,1746,1588,0.13751824572363364,0.19972646736534672,-0.8616396764493384,15.0
Syx,500uM_H2O2_30min,2,2,0.3,10,905,602,303,267,0.16700810827159351,0.25014350859768575,-0.7772624432708136,15.0
Syx,Ox_500uM_H2O2,2,2,0.3,10,683,221,462,386,0.12474219997527992,0.20533321370953347,-0.9039888926075561,17.0
Syx,control,2,2,0.3,10,676,33,643,566,0.1754362392214871,0.2637641899119296,-0.7558808457150512,14.0
Syx,500uM_H2O2_30min,2,3,0.3,10,1318,422,896,799,0.21994393379051194,0.4153114129407075,-0.6576880116713755,15.0
Syx,Ox_500uM_H2O2,2,3,0.3,10,919,137,782,664,0.2060717683884394,0.31778292745835435,-0.6859817940162605,17.0
Syx,control,2,3,0.3,10,1639,295,1344,1244,0.25600639210998716,0.36958023035412013,-0.5917493088092742,15.0
Syx,500uM_H2O2_30min,3,1,0.3,10,2578,471,2107,1827,0.24525842309832607,0.43769293519147023,-0.6103760683830546,15.0
Syx,Ox_500uM_H2O2,3,1,0.3,10,2305,142,2163,1938,0.2539906156647762,0.3905459069168895,-0.5951824049180877,16.0
Syx,control,3,1,0.3,10,1274,483,791,686,0.2149212177636715,0.37827690749612697,-0.6677207127402629,15.0
Syx,500uM_H2O2_30min,3,2,0.3,10,956,516,440,409,0.20663623279587529,0.33242433123943843,-0.6847935244251244,16.0
Syx,Ox_500uM_H2O2,3,2,0.3,10,697,192,505,443,0.1917503226650946,0.2938868835214958,-0.7172638965755802,15.0
Syx,control,3,2,0.3,10,2261,478,1783,1594,0.19474633194315266,0.31770358557427464,-0.7105307464139755,16.0
Syx,500uM_H2O2_30min,3,3,0.3,10,1735,415,1320,1160,0.22844325655071934,0.37577120015055365,-0.6412233890892574,16.0
Syx,Ox_500uM_H2O2,3,3,0.3,10,1018,570,448,397,0.21743526524495224,0.41981372294358543,-0.6626700174749844,16.0
Syx,control,3,3,0.3,10,1238,328,910,812,0.2457342054218139,0.4153051106728818,-0.6095344277555745,16.0
SNAP25,500uM_H2O2_30min,1,1,0.3,15,2601,451,2150,1152,0.4125438912997613,0.5433232837068702,-0.38452986540581663,21.0
SNAP25,Ox_500uM_H2O2,1,1,0.3,15,2801,403,2398,1329,0.45191589299810553,0.5746892021813974,-0.34494238511268505,22.0
SNAP25,control,1,1,0.3,15,2334,368,1966,1127,0.45690046328486383,0.5374887645256468,-0.3401784015810691,22.0
SNAP25,500uM_H2O2_30min,1,2,0.3,15,1295,763,532,226,0.4636276633140487,0.6819678123685229,-0.33383534387052705,22.0
SNAP25,Ox_500uM_H2O2,1,2,0.3,15,1023,267,756,447,0.4729507513236085,0.5963587127290013,-0.3251840802811205,23.0
SNAP25,control,1,2,0.3,15,1704,358,1346,795,0.4733370673808891,0.6018972816167106,-0.32482948427353814,23.0
SNAP25,500uM_H2O2_30min,1,3,0.3,15,1354,165,1189,670,0.3733347104755436,0.4746374200139181,-0.4279023118536086,22.0
SNAP25,Ox_500uM_H2O2,1,3,0.3,15,1487,250,1237,761,0.4076665485307688,0.4887253337081841,-0.38969492353564844,23.0
SNAP25,control,1,3,0.3,15,1821,332,1489,860,0.4152513260220221,0.5222752257768583,-0.38168907497082855,22.0
SNAP25,500uM_H2O2_30min,2,1,0.3,15,2890,922,1968,980,0.4748199361687191,0.6099298706187972,-0.32347108753961384,22.0
SNAP25,Ox_500uM_H2O2,2,1,0.3,15,4794,1072,3722,1923,0.5257200351311488,0.6743836881070883,-0.2792454717525465,21.0
SNAP25,control,2,1,0.3,15,4368,914,3454,1922,0.49214601649782164,0.6261512820297402,-0.3079060318165212,22.0
SNAP25,500uM_H2O2_30min,2,2,0.3,15,2378,889,1489,699,0.5138976970858712,0.7788259937763207,-0.2891233285011267,22.0
SNAP25,Ox_500uM_H2O2,2,2,0.3,15,2720,940,1780,952,0.5811737786286758,0.778385396359975,-0.2356940022893699,22.0
SNAP25,control,2,2,0.3,15,2181,711,1470,814,0.5515939326907,0.7032381569832349,-0.25838052720386917,23.0
SNAP25,500uM_H2O2_30min,2,3,0.3,15,2121,495,1626,822,0.4607940470933526,0.6706073285040377,-0.33649319761745,22.0
SNAP25,Ox_500uM_H2O2,2,3,0.3,15,2739,674,2065,1214,0.4878109488623936,0.5967521322804615,-0.31174847360248586,22.0
SNAP25,control,2,3,0.3,15,2811,532,2279,1291,0.4985173661255894,0.6529409238012054,-0.3023197082025784,22.0
Syx,500uM_H2O2_30min,1,1,0.3,15,705,95,610,241,0.24920781879863463,0.42985105732319,-0.6034383359782259,19.0
Syx,Ox_500uM_H2O2,1,1,0.3,15,493,275,218,76,0.19774977361750318,0.3049035676561267,-0.7038935837405935,19.0
Syx,control,1,1,0.3,15,893,514,379,153,0.21120796872789438,0.4146090587172884,-0.6752897002042045,20.0
Syx,500uM_H2O2_30min,1,2,0.3,15,2187,754,1433,486,0.28290245388480995,0.47760552955740243,-0.548373896617578,19.0
Syx,Ox_500uM_H2O2,1,2,0.3,15,2271,968,1303,563,0.28541217956073356,0.4821977441209746,-0.5445274979236995,21.0
Syx,control,1,2,0.3,15,3537,817,2720,1214,0.4133794866846486,0.6144680240819356,-0.38365211004093136,20.0
Syx,500uM_H2O2_30min,1,3,0.3,15,3276,516,2760,1130,0.27357220797809223,0.4711382698693686,-0.5629280298300717,20.0
Syx,Ox_500uM_H2O2,1,3,0.3,15,923,243,680,290,0.23160190000103664,0.3826506869491761,-0.635270015453123,21.0
Syx,control,1,3,0.3,15,2602,610,1992,891,0.29448459366987184,0.47727432168608547,-0.5309374209420035,21.0
Syx,500uM_H2O2_30min,2,1,0.3,15,564,215,349,186,0.09925370635520424,0.14491040798430138,-1.003256779646109,22.0
Syx,Ox_500uM_H2O2,2,1,0.3,15,880,128,752,434,0.13776373632324046,0.15743919380374408,-0.8608713637826448,24.0
Syx,control,2,1,0.3,15,2209,463,1746,880,0.1333069640636373,0.17407062561579228,-0.8751471628022591,21.0
Syx,500uM_H2O2_30min,2,2,0.3,15,905,602,303,139,0.1522699594289199,0.18976402570809522,-0.8173857679778327,21.0
Syx,Ox_500uM_H2O2,2,2,0.3,15,683,221,462,227,0.11899792500374554,0.15396981568964793,-0.9244606114417558,23.0
Syx,control,2,2,0.3,15,676,33,643,279,0.19079563672236857,0.23645407033313542,-0.7194315613356229,21.0
Syx,500uM_H2O2_30min,2,3,0.3,15,1318,422,896,419,0.18029062437566784,0.23696543139795165,-0.7440268572364562,22.0
Syx,Ox_500uM_H2O2,2,3,0.3,15,919,137,782,401,0.19027136815996715,0.24275267991420998,-0.7206265589839347,22.0
Syx,control,2,3,0.3,15,1639,295,1344,659,0.23731397049367192,0.29945081975885357,-0.6246766944429275,22.0
Syx,500uM_H2O2_30min,3,1,0.3,15,2578,471,2107,990,0.2313774248157892,0.3480159631352358,-0.6356790168722684,21.0
Syx,Ox_500uM_H2O2,3,1,0.3,15,2305,142,2163,1113,0.2431842546265829,0.33224731840526417,-0.6140645476154163,22.0
Syx,control,3,1,0.3,15,1274,483,791,369,0.2126701739369029,0.29816403125854757,-0.6722934137310228,22.0
Syx,500uM_H2O2_30min,3,2,0.3,15,956,516,440,233,0.20007635459802103,0.2612967027477281,-0.6988042340743676,20.0
Syx,Ox_500uM_H2O2,3,2,0.3,15,697,192,505,239,0.20584030232478953,0.25583430078035585,-0.6864695889338767,21.0
Syx,control,3,2,0.3,15,2261,478,1783,937,0.1897059281876097,0.2594154826141042,-0.7219190974774988,22.0
Syx,500uM_H2O2_30min,3,3,0.3,15,1735,415,1320,688,0.2176358768518184,0.2996834510694754,-0.6622696756208367,23.0
Syx,Ox_500uM_H2O2,3,3,0.3,15,1018,570,448,216,0.20731215745439568,0.28163224956068333,-0.6833752296868985,24.5
Syx,control,3,3,0.3,15,1238,328,910,483,0.2456276134397425,0.3413655582721622,-0.6097228114299299,23.0
SNAP25,500uM_H2O2_30min,1,1,0.5,5,2601,462,2139,2039,0.44375858911653493,0.6932920147943346,-0.3528532279203638,16.0
SNAP25,Ox_500uM_H2O2,1,1,0.5,5,2801,418,2383,2284,0.466856643771085,0.7430592717438127,-0.3308165198801766,16.0
SNAP25,control,1,1,0.5,5,2334,379,1955,1860,0.4630281188155483,0.6724017512513766,-0.3343927340617512,17.0
SNAP25,500uM_H2O2_30min,1,2,0.5,5,1295,766,529,481,0.6006535445350465,1.2578388058341459,-0.22137595575409266,14.0
SNAP25,Ox_500uM_H2O2,1,2,0.5,5,1023,272,751,715,0.5184095870984999,0.8519970660810635,-0.28532697552967723,17.0
SNAP25,control,1,2,0.5,5,1704,361,1343,1282,0.5109572866225526,0.7175127302686651,-0.29161545603366423,17.0
SNAP25,500uM_H2O2_30min,1,3,0.5,5,1354,166,1188,1115,0.3940322674320066,0.5905384614122701,-0.40446821220015644,16.0
SNAP25,Ox_500uM_H2O2,1,3,0.5,5,1487,254,1233,1176,0.40974264084967793,0.5643737525448036,-0.38748899330423026,18.0
SNAP25,control,1,3,0.5,5,1821,338,1483,1404,0.4370331643444162,0.6526820440332926,-0.35948560579970235,17.0
SNAP25,500uM_H2O2_30min,2,1,0.5,5,2890,934,1956,1848,0.5524149674298111,0.955376597922295,-0.2577345634336261,15.0
SNAP25,Ox_500uM_H2O2,2,1,0.5,5,4794,1106,3688,3538,0.5678569619522592,0.8644030898556695,-0.24576106812901352,15.0
SNAP25,control,2,1,0.5,5,4368,954,3414,3276,0.5209758572305784,0.7806952558092225,-0.2831824073293253,16.0
SNAP25,500uM_H2O2_30min,2,2,0.5,5,2378,897,1481,1397,0.6602181529262686,1.328327826508129,-0.18031253876468165,14.0
SNAP25,Ox_500uM_H2O2,2,2,0.5,5,2720,953,1767,1703,0.6860683058092678,1.2194157390344023,-0.16363264324475846,16.0
SNAP25,control,2,2,0.5,5,2181,725,1456,1397,0.5857067540872678,1.00802604106789,-0.23231976786905525,16.0
SNAP25,500uM_H2O2_30min,2,3,0.5,5,2121,496,1625,1549,0.5788660204468303,1.0361325939130692,-0.23742194285944282,15.0
SNAP25,Ox_500uM_H2O2,2,3,0.5,5,2739,683,2056,1981,0.520345261536319,0.7992277563342012,-0.28370839593650377,17.0
SNAP25,control,2,3,0.5,5,2811,540,2271,2177,0.5398811002555295,0.8850420790281343,-0.26770187571157267,16.0
Syx,500uM_H2O2_30min,1,1,0.5,5,705,95,610,509,0.28715631182026863,0.5717272183664056,-0.5418816332968424,14.0
Syx,Ox_500uM_H2O2,1,1,0.5,5,493,276,217,185,0.2386746592250826,0.43050934178862027,-0.6221936888396149,13.0
Syx,control,1,1,0.5,5,893,514,379,329,0.2817123006083075,0.5719244869421514,-0.5501941896855699,14.0
Syx,500uM_H2O2_30min,1,2,0.5,5,2187,757,1430,1234,0.35719866501857667,0.7494081372063331,-0.4470915724109319,13.0
Syx,Ox_500uM_H2O2,1,2,0.5,5,2271,976,1295,1124,0.356825406859506,0.7691618232691533,-0.4475444477987547,14.0
Syx,control,1,2,0.5,5,3537,835,2702,2381,0.4782796919436989,0.8627046368563724,-0.3203180591531908,15.0
Syx,500uM_H2O2_30min,1,3,0.5,5,3276,525,2751,2349,0.32601195485508944,0.6403170049426296,-0.4867664740657967,14.0
Syx,Ox_500uM_H2O2,1,3,0.5,5,923,245,678,582,0.3015894041968784,0.7124593496882503,-0.5205839823474696,14.0
Syx,control,1,3,0.5,5,2602,616,1986,1740,0.3571419011150872,0.7692213357741982,-0.4471591953748567,15.0
Syx,500uM_H2O2_30min,2,1,0.5,5,564,218,346,307,0.10644359852737922,0.14978097847232968,-0.9728804517252484,16.0
Syx,Ox_500uM_H2O2,2,1,0.5,5,880,130,750,670,0.13566632190012856,0.1839831393485855,-0.8675280092531834,18.0
Syx,control,2,1,0.5,5,2209,481,1728,1570,0.13752818931897803,0.199761617030169,-0.8616082758023675,15.5
Syx,500uM_H2O2_30min,2,2,0.5,5,905,602,303,267,0.16700810827159351,0.25014350859768575,-0.7772624432708136,15.0
Syx,Ox_500uM_H2O2,2,2,0.5,5,683,224,459,384,0.12540268899547377,0.20603604613719664,-0.901694050519772,17.0
Syx,control,2,2,0.5,5,676,38,638,562,0.1754362392214871,0.2642581350837812,-0.7558808457150512,14.0
Syx,500uM_H2O2_30min,2,3,0.5,5,1318,425,893,796,0.21945326656444075,0.41210160501440113,-0.6586590358313797,15.0
Syx,Ox_500uM_H2O2,2,3,0.5,5,919,139,780,662,0.2060717683884394,0.31370248715451315,-0.6859817940162605,17.0
Syx,control,2,3,0.5,5,1639,308,1331,1232,0.25635481563658713,0.3701204824430572,-0.5911586042142011,15.0
Syx,500uM_H2O2_30min,3,1,0.5,5,2578,477,2101,1823,0.2455575122185489,0.4383191617168074,-0.609846775174577,15.0
Syx,Ox_500uM_H2O2,3,1,0.5,5,2305,149,2156,1933,0.2532200630582629,0.39048993353418565,-0.5965018873975707,16.0
Syx,control,3,1,0.5,5,1274,489,785,680,0.21403216515697174,0.37701515570281724,-0.669521097468115,15.0
Syx,500uM_H2O2_30min,3,2,0.5,5,956,516,440,409,0.20663623279587529,0.33242433123943843,-0.6847935244251244,16.0
Syx,Ox_500uM_H2O2,3,2,0.5,5,697,192,505,443,0.1917503226650946,0.2938868835214958,-0.7172638965755802,15.0
Syx,control,3,2,0.5,5,2261,484,1777,1588,0.19516688458805065,0.31788277339109694,-0.7095945480458893,16.0
Syx,500uM_H2O2_30min,3,3,0.5,5,1735,416,1319,1159,0.22908836505311583,0.3760556213678812,-0.6399969672119235,16.0
Syx,Ox_500uM_H2O2,3,3,0.5,5,1018,574,444,394,0.21737242600839107,0.4023411720089276,-0.662795565756093,16.0
Syx,control,3,3,0.5,5,1238,336,902,807,0.24584079740388534,0.4097553978132633,-0.6093460440812193,16.0
SNAP25,500uM_H2O2_30min,1,1,0.5,10,2601,462,2139,2039,0.44375858911653493,0.6932920147943346,-0.3528532279203638,16.0
SNAP25,Ox_500uM_H2O2,1,1,0.5,10,2801,418,2383,2284,0.466856643771085,0.7430592717438127,-0.3308165198801766,16.0
SNAP25,control,1,1,0.5,10,2334,379,1955,1860,0.4630281188155483,0.6724017512513766,-0.3343927340617512,17.0
SNAP25,500uM_H2O2_30min,1,2,0.5,10,1295,766,529,481,0.6006535445350465,1.2578388058341459,-0.22137595575409266,14.0
SNAP25,Ox_500uM_H2O2,1,2,0.5,10,1023,272,751,715,0.5184095870984999,0.8519970660810635,-0.28532697552967723,17.0
SNAP25,control,1,2,0.5,10,1704,361,1343,1282,0.5109572866225526,0.7175127302686651,-0.29161545603366423,17.0
SNAP25,500uM_H2O2_30min,1,3,0.5,10,1354,166,1188,1115,0.3940322674320066,0.5905384614122701,-0.40446821220015644,16.0
SNAP25,Ox_500uM_H2O2,1,3,0.5,10,1487,254,1233,1176,0.40974264084967793,0.5643737525448036,-0.38748899330423026,18.0
SNAP25,control,1,3,0.5,10,1821,338,1483,1404,0.4370331643444162,0.6526820440332926,-0.35948560579970235,17.0
SNAP25,500uM_H2O2_30min,2,1,0.5,10,2890,934,1956,1848,0.5524149674298111,0.955376597922295,-0.2577345634336261,15.0
SNAP25,Ox_500uM_H2O2,2,1,0.5,10,4794,1106,3688,3538,0.5678569619522592,0.8644030898556695,-0.24576106812901352,15.0
SNAP25,control,2,1,0.5,10,4368,954,3414,3276,0.5209758572305784,0.7806952558092225,-0.2831824073293253,16.0
SNAP25,500uM_H2O2_30min,2,2,0.5,10,2378,897,1481,1397,0.6602181529262686,1.328327826508129,-0.18031253876468165,14.0
SNAP25,Ox_500uM_H2O2,2,2,0.5,10,2720,953,1767,1703,0.6860683058092678,1.2194157390344023,-0.16363264324475846,16.0
SNAP25,control,2,2,0.5,10,2181,725,1456,1397,0.5857067540872678,1.00802604106789,-0.23231976786905525,16.0
SNAP25,500uM_H2O2_30min,2,3,0.5,10,2121,496,1625,1549,0.5788660204468303,1.0361325939130692,-0.23742194285944282,15.0
SNAP25,Ox_500uM_H2O2,2,3,0.5,10,2739,683,2056,1981,0.520345261536319,0.7992277563342012,-0.28370839593650377,17.0
SNAP25,control,2,3,0.5,10,2811,540,2271,2177,0.5398811002555295,0.8850420790281343,-0.26770187571157267,16.0
Syx,500uM_H2O2_30min,1,1,0.5,10,705,95,610,509,0.28715631182026863,0.5717272183664056,-0.5418816332968424,14.0
Syx,Ox_500uM_H2O2,1,1,0.5,10,493,276,217,185,0.2386746592250826,0.43050934178862027,-0.6221936888396149,13.0
Syx,control,1,1,0.5,10,893,514,379,329,0.2817123006083075,0.5719244869421514,-0.5501941896855699,14.0
Syx,500uM_H2O2_30min,1,2,0.5,10,2187,757,1430,1234,0.35719866501857667,0.7494081372063331,-0.4470915724109319,13.0
Syx,Ox_500uM_H2O2,1,2,0.5,10,2271,976,1295,1124,0.356825406859506,0.7691618232691533,-0.4475444477987547,14.0
Syx,control,1,2,0.5,10,3537,835,2702,2381,0.4782796919436989,0.8627046368563724,-0.3203180591531908,15.0
Syx,500uM_H2O2_30min,1,3,0.5,10,3276,525,2751,2349,0.32601195485508944,0.6403170049426296,-0.4867664740657967,14.0
Syx,Ox_500uM_H2O2,1,3,0.5,10,923,245,678,582,0.3015894041968784,0.7124593496882503,-0.5205839823474696,14.0
Syx,control,1,3,0.5,10,2602,616,1986,1740,0.3571419011150872,0.7692213357741982,-0.4471591953748567,15.0
Syx,500uM_H2O2_30min,2,1,0.5,10,564,218,346,307,0.10644359852737922,0.14978097847232968,-0.9728804517252484,16.0
Syx,Ox_500uM_H2O2,2,1,0.5,10,880,130,750,670,0.13566632190012856,0.1839831393485855,-0.8675280092531834,18.0
Syx,control,2,1,0.5,10,2209,481,1728,1570,0.13752818931897803,0.199761617030169,-0.8616082758023675,15.5
Syx,500uM_H2O2_30min,2,2,0.5,10,905,602,303,267,0.16700810827159351,0.25014350859768575,-0.7772624432708136,15.0
Syx,Ox_500uM_H2O2,2,2,0.5,10,683,224,459,384,0.12540268899547377,0.20603604613719664,-0.901694050519772,17.0
Syx,control,2,2,0.5,10,676,38,638,562,0.1754362392214871,0.2642581350837812,-0.7558808457150512,14.0
Syx,500uM_H2O2_30min,2,3,0.5,10,1318,425,893,796,0.21945326656444075,0.41210160501440113,-0.6586590358313797,15.0
Syx,Ox_500uM_H2O2,2,3,0.5,10,919,139,780,662,0.2060717683884394,0.31370248715451315,-0.6859817940162605,17.0
Syx,control,2,3,0.5,10,1639,308,1331,1232,0.25635481563658713,0.3701204824430572,-0.5911586042142011,15.0
Syx,500uM_H2O2_30min,3,1,0.5,10,2578,477,2101,1823,0.2455575122185489,0.4383191617168074,-0.609846775174577,15.0
Syx,Ox_500uM_H2O2,3,1,0.5,10,2305,149,2156,1933,0.2532200630582629,0.39048993353418565,-0.5965018873975707,16.0
Syx,control,3,1,0.5,10,1274,489,785,680,0.21403216515697174,0.37701515570281724,-0.669521097468115,15.0
Syx,500uM_H2O2_30min,3,2,0.5,10,956,516,440,409,0.20663623279587529,0.33242433123943843,-0.6847935244251244,16.0
Syx,Ox_500uM_H2O2,3,2,0.5,10,697,192,505,443,0.1917503226650946,0.2938868835214958,-0.7172638965755802,15.0
Syx,control,3,2,0.5,10,2261,484,1777,1588,0.19516688458805065,0.31788277339109694,-0.7095945480458893,16.0
Syx,500uM_H2O2_30min,3,3,0.5,10,1735,416,1319,1159,0.22908836505311583,0.3760556213678812,-0.6399969672119235,16.0
Syx,Ox_500uM_H2O2,3,3,0.5,10,1018,574,444,394,0.21737242600839107,0.4023411720089276,-0.662795565756093,16.0
Syx,control,3,3,0.5,10,1238,336,902,807,0.24584079740388534,0.4097553978132633,-0.6093460440812193,16.0
SNAP25,500uM_H2O2_30min,1,1,0.5,15,2601,462,2139,1145,0.412687011995397,0.5443699899626616,-0.3843791989381627,21.0
SNAP25,Ox_500uM_H2O2,1,1,0.5,15,2801,418,2383,1321,0.4487429881327751,0.5748553807220179,-0.34800232446161355,22.0
SNAP25,control,1,1,0.5,15,2334,379,1955,1120,0.455769210229228,0.5374562332654478,-0.34125501791452884,22.0
SNAP25,500uM_H2O2_30min,1,2,0.5,15,1295,766,529,226,0.4636276633140487,0.6819678123685229,-0.33383534387052705,22.0
SNAP25,Ox_500uM_H2O2,1,2,0.5,15,1023,272,751,443,0.47589004363894494,0.5982523340006067,-0.3224933812233019,23.0
SNAP25,control,1,2,0.5,15,1704,361,1343,793,0.4733370673808891,0.602543027891436,-0.32482948427353814,23.0
SNAP25,500uM_H2O2_30min,1,3,0.5,15,1354,166,1188,670,0.3733347104755436,0.4746374200139181,-0.4279023118536086,22.0
SNAP25,Ox_500uM_H2O2,1,3,0.5,15,1487,254,1233,758,0.4073718072169912,0.4873408540791256,-0.3900091439756267,23.0
SNAP25,control,1,3,0.5,15,1821,338,1483,856,0.4157846843176997,0.5231667593991739,-0.3811315891334244,22.0
SNAP25,500uM_H2O2_30min,2,1,0.5,15,2890,934,1956,973,0.4750045868839365,0.6113695979419501,-0.3233021965882607,22.0
SNAP25,Ox_500uM_H2O2,2,1,0.5,15,4794,1106,3688,1901,0.5260177661776013,0.674819550076304,-0.278999587362238,21.0
SNAP25,control,2,1,0.5,15,4368,954,3414,1899,0.4908936309691831,0.6258189882387493,-0.3090126025566442,22.0
SNAP25,500uM_H2O2_30min,2,2,0.5,15,2378,897,1481,696,0.5144781257104385,0.7811885574605636,-0.28863332058297964,22.0
SNAP25,Ox_500uM_H2O2,2,2,0.5,15,2720,953,1767,945,0.5810268480173426,0.7788956918464051,-0.23580379931984635,22.0
SNAP25,control,2,2,0.5,15,2181,725,1456,804,0.5505466543562785,0.7028530407041175,-0.25920587249434457,23.0
SNAP25,500uM_H2O2_30min,2,3,0.5,15,2121,496,1625,821,0.4610311745066062,0.6709367590534502,-0.3362697070215444,22.0
SNAP25,Ox_500uM_H2O2,2,3,0.5,15,2739,683,2056,1208,0.48573974905517875,0.5963515767379284,-0.31359635761690846,22.0
SNAP25,control,2,3,0.5,15,2811,540,2271,1285,0.500342424074451,0.6542729338150816,-0.30073267169124074,22.0
Syx,500uM_H2O2_30min,1,1,0.5,15,705,95,610,241,0.24920781879863463,0.42985105732319,-0.6034383359782259,19.0
Syx,Ox_500uM_H2O2,1,1,0.5,15,493,276,217,75,0.19643640059394457,0.30555781093441003,-0.7067780322705783,19.0
Syx,control,1,1,0.5,15,893,514,379,153,0.21120796872789438,0.4146090587172884,-0.6752897002042045,20.0
Syx,500uM_H2O2_30min,1,2,0.5,15,2187,757,1430,484,0.2830497549902555,0.4785524888835718,-0.5481494547701212,19.0
Syx,Ox_500uM_H2O2,1,2,0.5,15,2271,976,1295,557,0.28541217956073356,0.48353615002536243,-0.5445274979236995,21.0
Syx,control,1,2,0.5,15,3537,835,2702,1209,0.41247844848648746,0.6149834296243727,-0.3845987378968625,20.0
Syx,500uM_H2O2_30min,1,3,0.5,15,3276,525,2751,1128,0.2739165090328973,0.47179280979021154,-0.5623820542010347,20.0
Syx,Ox_500uM_H2O2,1,3,0.5,15,923,245,678,288,0.23160190000103664,0.3825071595951927,-0.635270015453123,21.0
Syx,control,1,3,0.5,15,2602,616,1986,889,0.29448459366987184,0.4778113841147375,-0.5309374209420035,21.0
Syx,500uM_H2O2_30min,2,1,0.5,15,564,218,346,186,0.09925370635520424,0.14491040798430138,-1.003256779646109,22.0
Syx,Ox_500uM_H2O2,2,1,0.5,15,880,130,750,434,0.13776373632324046,0.15743919380374408,-0.8608713637826448,24.0
Syx,control,2,1,0.5,15,2209,481,1728,872,0.1350446031313186,0.17458703657579744,-0.8695240145844964,21.0
Syx,500uM_H2O2_30min,2,2,0.5,15,905,602,303,139,0.1522699594289199,0.18976402570809522,-0.8173857679778327,21.0
Syx,Ox_500uM_H2O2,2,2,0.5,15,683,224,459,225,0.1193935132865419,0.15471275282823846,-0.9230192680172663,23.0
Syx,control,2,2,0.5,15,676,38,638,278,0.1918982454044161,0.23676202900042828,-0.7169361652203559,20.5
Syx,500uM_H2O2_30min,2,3,0.5,15,1318,425,893,417,0.17959923431377403,0.2357566027763013,-0.7456955191943918,22.0
Syx,Ox_500uM_H2O2,2,3,0.5,15,919,139,780,400,0.19047957051583603,0.24310032832581294,-0.7201518562636469,22.0
Syx,control,2,3,0.5,15,1639,308,1331,652,0.23659992567994773,0.29958155013278176,-0.6259873739075308,22.0
Syx,500uM_H2O2_30min,3,1,0.5,15,2578,477,2101,987,0.23137997680947386,0.3485408876711438,-0.6356742267905392,21.0
Syx,Ox_500uM_H2O2,3,1,0.5,15,2305,149,2156,1109,0.24295004389647856,0.3319039111828257,-0.6144830181321678,22.0
Syx,control,3,1,0.5,15,1274,489,785,365,0.21262203875651262,0.29702363687093764,-0.6723917218716107,22.0
Syx,500uM_H2O2_30min,3,2,0.5,15,956,516,440,233,0.20007635459802103,0.2612967027477281,-0.6988042340743676,20.0
Syx,Ox_500uM_H2O2,3,2,0.5,15,697,192,505,239,0.20584030232478953,0.25583430078035585,-0.6864695889338767,21.0
Syx,control,3,2,0.5,15,2261,484,1777,934,0.1909863242552896,0.25986623206521514,-0.719000183491092,22.0
Syx,500uM_H2O2_30min,3,3,0.5,15,1735,416,1319,687,0.2178256757398443,0.30005252885957956,-0.6618909300213963,23.0
Syx,Ox_500uM_H2O2,3,3,0.5,15,1018,574,444,216,0.20731215745439568,0.28163224956068333,-0.6833752296868985,24.5
Syx,control,3,3,0.5,15,1238,336,902,482,0.2457342054218139,0.3420592468887874,-0.6095344277555745,23.0
SNAP25,500uM_H2O2_30min,1,1,0.8,5,2601,502,2099,2002,0.4430423044851569,0.6874965870559,-0.35355482591172893,16.0
SNAP25,Ox_500uM_H2O2,1,1,0.8,5,2801,464,2337,2240,0.46797385356642074,0.741594160568224,-0.3297784739443267,16.0
SNAP25,control,1,1,0.8,5,2334,436,1898,1804,0.4651174794781857,0.6697931323430021,-0.33243749328238464,17.0
SNAP25,500uM_H2O2_30min,1,2,0.8,5,1295,776,519,471,0.5998386196655159,1.2432567390243823,-0.22196557630959338,14.0
SNAP25,Ox_500uM_H2O2,1,2,0.8,5,1023,288,735,700,0.5141127293229226,0.8446522280791829,-0.2889453024698972,17.5
SNAP25,control,1,2,0.8,5,1704,383,1321,1261,0.5132674292804139,0.7219226558120487,-0.2896562941506755,17.0
SNAP25,500uM_H2O2_30min,1,3,0.8,5,1354,178,1176,1104,0.3948147600399274,0.5925218923610771,-0.40360747268101405,16.0
SNAP25,Ox_500uM_H2O2,1,3,0.8,5,1487,257,1230,1173,0.4100893826746029,0.564694715662126,-0.38712147456894697,18.0
SNAP25,control,1,3,0.8,5,1821,343,1478,1399,0.43701137807496976,0.6533380776361084,-0.35950725554480556,17.0
SNAP25,500uM_H2O2_30min,2,1,0.8,5,2890,980,1910,1802,0.5522589781361621,0.957037666254513,-0.25785722691727964,15.0
SNAP25,Ox_500uM_H2O2,2,1,0.8,5,4794,1188,3606,3459,0.5680407730513343,0.8622202946988315,-0.2456204902120774,15.0
SNAP25,control,2,1,0.8,5,4368,1062,3306,3172,0.5202265529912062,0.7821497738351543,-0.28380774399773423,16.0
SNAP25,500uM_H2O2_30min,2,2,0.8,5,2378,935,1443,1360,0.659362698184699,1.333646553440654,-0.18087562632939463,14.0
SNAP25,Ox_500uM_H2O2,2,2,0.8,5,2720,1012,1708,1644,0.6773454250816519,1.2114266532005729,-0.16918979867393386,16.0
SNAP25,control,2,2,0.8,5,2181,773,1408,1350,0.5856577217570453,0.9985847790653996,-0.23235612779347717,16.0
SNAP25,500uM_H2O2_30min,2,3,0.8,5,2121,515,1606,1531,0.5803257818078381,1.034917754145843,-0.2363281348496437,15.0
SNAP25,Ox_500uM_H2O2,2,3,0.8,5,2739,723,2016,1942,0.5181420508064143,0.7942650850194852,-0.28555132945123274,17.0
SNAP25,control,2,3,0.8,5,2811,558,2253,2161,0.5420767043274057,0.8884388591298549,-0.2659392560646355,16.0
Syx,500uM_H2O2_30min,1,1,0.8,5,705,103,602,502,0.2977841168800325,0.5777659790512393,-0.5261085578133395,14.0
Syx,Ox_500uM_H2O2,1,1,0.8,5,493,276,217,185,0.2386746592250826,0.43050934178862027,-0.6221936888396149,13.0
Syx,control,1,1,0.8,5,893,516,377,327,0.2851368124976014,0.5751795853833646,-0.5449467096196853,14.0
Syx,500uM_H2O2_30min,1,2,0.8,5,2187,784,1403,1211,0.3561424131760119,0.7525794263637298,-0.44837630290129704,13.0
Syx,Ox_500uM_H2O2,1,2,0.8,5,2271,1007,1264,1097,0.3586367557676453,0.7763522272937832,-0.44534520275753986,14.0
Syx,control,1,2,0.8,5,3537,880,2657,2346,0.4784880759935791,0.8568345990679902,-0.3201289216318153,15.0
Syx,500uM_H2O2_30min,1,3,0.8,5,3276,573,2703,2308,0.32811749001608026,0.6416324977542659,-0.48397069803437476,14.0
Syx,Ox_500uM_H2O2,1,3,0.8,5,923,263,660,565,0.3014287014426509,0.7125409126854396,-0.5208153973939595,14.0
Syx,control,1,3,0.8,5,2602,658,1944,1705,0.3561190559587774,0.7672695925784732,-0.4484047865719736,15.0
Syx,500uM_H2O2_30min,2,1,0.8,5,564,234,330,295,0.10157660444047927,0.14662702726932703,-0.9932063091035094,16.0
Syx,Ox_500uM_H2O2,2,1,0.8,5,880,144,736,659,0.13573769156342377,0.18350272858372446,-0.8672995409541273,18.0
Syx,control,2,1,0.8,5,2209,519,1690,1541,0.1372460227168727,0.19731549389557398,-0.8625002322122457,16.0
Syx,500uM_H2O2_30min,2,2,0.8,5,905,604,301,266,0.16614408848466491,0.24562880688162556,-0.7795209792915789,15.0
Syx,Ox_500uM_H2O2,2,2,0.8,5,683,226,457,382,0.12499744887434767,0.20543284220762376,-0.9031049136247025,17.0
Syx,control,2,2,0.8,5,676,44,632,556,0.17689821723905025,0.26565166462256073,-0.7522797596032889,14.0
Syx,500uM_H2O2_30min,2,3,0.8,5,1318,443,875,780,0.21774721451711002,0.4120996242502569,-0.6620474566710869,15.0
Syx,Ox_500uM_H2O2,2,3,0.8,5,919,153,766,650,0.205715620371622,0.3105639331099793,-0.6867328007275428,17.0
Syx,control,2,3,0.8,5,1639,368,1271,1174,0.2552463846500488,0.3666688133987511,-0.5930404006143755,15.0
Syx,500uM_H2O2_30min,3,1,0.8,5,2578,498,2080,1803,0.2449070935608495,0.4376174751237355,-0.6109986356604289,15.0
Syx,Ox_500uM_H2O2,3,1,0.8,5,2305,170,2135,1913,0.2532200630582629,0.3917536203758911,-0.5965018873975707,16.0
Syx,control,3,1,0.8,5,1274,498,776,671,0.2126701739369029,0.3756461564043896,-0.6722934137310228,15.0
Syx,500uM_H2O2_30min,3,2,0.8,5,956,519,437,406,0.20698877941764704,0.3280502980454569,-0.6840538263558196,16.0
Syx,Ox_500uM_H2O2,3,2,0.8,5,697,192,505,443,0.1917503226650946,0.2938868835214958,-0.7172638965755802,15.0
Syx,control,3,2,0.8,5,2261,530,1731,1549,0.19482210959652577,0.31489772020966555,-0.7103617582844223,16.0
Syx,500uM_H2O2_30min,3,3,0.8,5,1735,417,1318,1158,0.22844325655071934,0.37598762169148503,-0.6412233890892574,16.0
Syx,Ox_500uM_H2O2,3,3,0.8,5,1018,578,440,391,0.2173095867718299,0.4029227836473817,-0.6629211140372016,16.0
Syx,control,3,3,0.8,5,1238,366,872,789,0.2507063586333188,0.4155058070533948,-0.6008346509466799,16.0
SNAP25,500uM_H2O2_30min,1,1,0.8,10,2601,502,2099,2002,0.4430423044851569,0.6874965870559,-0.35355482591172893,16.0
SNAP25,Ox_500uM_H2O2,1,1,0.8,10,2801,464,2337,2240,0.46797385356642074,0.741594160568224,-0.3297784739443267,16.0
SNAP25,control,1,1,0.8,10,2334,436,1898,1804,0.4651174794781857,0.6697931323430021,-0.33243749328238464,17.0
SNAP25,500uM_H2O2_30min,1,2,0.8,10,1295,776,519,471,0.5998386196655159,1.2432567390243823,-0.22196557630959338,14.0
SNAP25,Ox_500uM_H2O2,1,2,0.8,10,1023,288,735,700,0.5141127293229226,0.8446522280791829,-0.2889453024698972,17.5
SNAP25,control,1,2,0.8,10,1704,383,1321,1261,0.5132674292804139,0.7219226558120487,-0.2896562941506755,17.0
SNAP25,500uM_H2O2_30min,1,3,0.8,10,1354,178,1176,1104,0.3948147600399274,0.5925218923610771,-0.40360747268101405,16.0
SNAP25,Ox_500uM_H2O2,1,3,0.8,10,1487,257,1230,1173,0.4100893826746029,0.564694715662126,-0.38712147456894697,18.0
SNAP25,control,1,3,0.8,10,1821,343,1478,1399,0.43701137807496976,0.6533380776361084,-0.35950725554480556,17.0
SNAP25,500uM_H2O2_30min,2,1,0.8,10,2890,980,1910,1802,0.5522589781361621,0.957037666254513,-0.25785722691727964,15.0
SNAP25,Ox_500uM_H2O2,2,1,0.8,10,4794,1188,3606,3459,0.5680407730513343,0.8622202946988315,-0.2456204902120774,15.0
SNAP25,control,2,1,0.8,10,4368,1062,3306,3172,0.5202265529912062,0.7821497738351543,-0.28380774399773423,16.0
SNAP25,500uM_H2O2_30min,2,2,0.8,10,2378,935,1443,1360,0.659362698184699,1.333646553440654,-0.18087562632939463,14.0
SNAP25,Ox_500uM_H2O2,2,2,0.8,10,2720,1012,1708,1644,0.6773454250816519,1.2114266532005729,-0.16918979867393386,16.0
SNAP25,control,2,2,0.8,10,2181,773,1408,1350,0.5856577217570453,0.9985847790653996,-0.23235612779347717,16.0
SNAP25,500uM_H2O2_30min,2,3,0.8,10,2121,515,1606,1531,0.5803257818078381,1.034917754145843,-0.2363281348496437,15.0
SNAP25,Ox_500uM_H2O2,2,3,0.8,10,2739,723,2016,1942,0.5181420508064143,0.7942650850194852,-0.28555132945123274,17.0
SNAP25,control,2,3,0.8,10,2811,558,2253,2161,0.5420767043274057,0.8884388591298549,-0.2659392560646355,16.0
Syx,500uM_H2O2_30min,1,1,0.8,10,705,103,602,502,0.2977841168800325,0.5777659790512393,-0.5261085578133395,14.0
Syx,Ox_500uM_H2O2,1,1,0.8,10,493,276,217,185,0.2386746592250826,0.43050934178862027,-0.6221936888396149,13.0
Syx,control,1,1,0.8,10,893,516,377,327,0.2851368124976014,0.5751795853833646,-0.5449467096196853,14.0
Syx,500uM_H2O2_30min,1,2,0.8,10,2187,784,1403,1211,0.3561424131760119,0.7525794263637298,-0.44837630290129704,13.0
Syx,Ox_500uM_H2O2,1,2,0.8,10,2271,1007,1264,1097,0.3586367557676453,0.7763522272937832,-0.44534520275753986,14.0
Syx,control,1,2,0.8,10,3537,880,2657,2346,0.4784880759935791,0.8568345990679902,-0.3201289216318153,15.0
Syx,500uM_H2O2_30min,1,3,0.8,10,3276,573,2703,2308,0.32811749001608026,0.6416324977542659,-0.48397069803437476,14.0
Syx,Ox_500uM_H2O2,1,3,0.8,10,923,263,660,565,0.3014287014426509,0.7125409126854396,-0.5208153973939595,14.0
Syx,control,1,3,0.8,10,2602,658,1944,1705,0.3561190559587774,0.7672695925784732,-0.4484047865719736,15.0
Syx,500uM_H2O2_30min,2,1,0.8,10,564,234,330,295,0.10157660444047927,0.14662702726932703,-0.9932063091035094,16.0
Syx,Ox_500uM_H2O2,2,1,0.8,10,880,144,736,659,0.13573769156342377,0.18350272858372446,-0.8672995409541273,18.0
Syx,control,2,1,0.8,10,2209,519,1690,1541,0.1372460227168727,0.19731549389557398,-0.8625002322122457,16.0
Syx,500uM_H2O2_30min,2,2,0.8,10,905,604,301,266,0.16614408848466491,0.24562880688162556,-0.7795209792915789,15.0
Syx,Ox_500uM_H2O2,2,2,0.8,10,683,226,457,382,0.12499744887434767,0.20543284220762376,-0.9031049136247025,17.0
Syx,control,2,2,0.8,10,676,44,632,556,0.17689821723905025,0.26565166462256073,-0.7522797596032889,14.0
Syx,500uM_H2O2_30min,2,3,0.8,10,1318,443,875,780,0.21774721451711002,0.4120996242502569,-0.6620474566710869,15.0
Syx,Ox_500uM_H2O2,2,3,0.8,10,919,153,766,650,0.205715620371622,0.3105639331099793,-0.6867328007275428,17.0
Syx,control,2,3,0.8,10,1639,368,1271,1174,0.2552463846500488,0.3666688133987511,-0.5930404006143755,15.0
Syx,500uM_H2O2_30min,3,1,0.8,10,2578,498,2080,1803,0.2449070935608495,0.4376174751237355,-0.6109986356604289,15.0
Syx,Ox_500uM_H2O2,3,1,0.8,10,2305,170,2135,1913,0.2532200630582629,0.3917536203758911,-0.5965018873975707,16.0
Syx,control,3,1,0.8,10,1274,498,776,671,0.2126701739369029,0.3756461564043896,-0.6722934137310228,15.0
Syx,500uM_H2O2_30min,3,2,0.8,10,956,519,437,406,0.20698877941764704,0.3280502980454569,-0.6840538263558196,16.0
Syx,Ox_500uM_H2O2,3,2,0.8,10,697,192,505,443,0.1917503226650946,0.2938868835214958,-0.7172638965755802,15.0
Syx,control,3,2,0.8,10,2261,530,1731,1549,0.19482210959652577,0.31489772020966555,-0.7103617582844223,16.0
Syx,500uM_H2O2_30min,3,3,0.8,10,1735,417,1318,1158,0.22844325655071934,0.37598762169148503,-0.6412233890892574,16.0
Syx,Ox_500uM_H2O2,3,3,0.8,10,1018,578,440,391,0.2173095867718299,0.4029227836473817,-0.6629211140372016,16.0
Syx,control,3,3,0.8,10,1238,366,872,789,0.2507063586333188,0.4155058070533948,-0.6008346509466799,16.0
SNAP25,500uM_H2O2_30min,1,1,0.8,15,2601,502,2099,1123,0.412840960461673,0.5457762797848591,-0.3842172202471749,21.0
SNAP25,Ox_500uM_H2O2,1,1,0.8,15,2801,464,2337,1289,0.4533591306745384,0.5698483606707352,-0.34355763313436727,22.0
SNAP25,control,1,1,0.8,15,2334,436,1898,1091,0.4557430092905571,0.5380125883329582,-0.3412799843292023,22.0
SNAP25,500uM_H2O2_30min,1,2,0.8,15,1295,776,519,225,0.46147415906047634,0.6826794002705664,-0.335852612929833,22.0
SNAP25,Ox_500uM_H2O2,1,2,0.8,15,1023,288,735,435,0.4729507513236085,0.5988529862975334,-0.3251840802811205,23.0
SNAP25,control,1,2,0.8,15,1704,383,1321,780,0.4735279015177587,0.605740834397688,-0.3246544613935295,23.0
SNAP25,500uM_H2O2_30min,1,3,0.8,15,1354,178,1176,661,0.3739962476178555,0.4759181140047901,-0.4271327551445321,22.0
SNAP25,Ox_500uM_H2O2,1,3,0.8,15,1487,257,1230,757,0.4076665485307688,0.48795800348084506,-0.38969492353564844,23.0
SNAP25,control,1,3,0.8,15,1821,343,1478,853,0.41496543355921656,0.5226785136434328,-0.3819880783233798,22.0
SNAP25,500uM_H2O2_30min,2,1,0.8,15,2890,980,1910,946,0.47375323794675006,0.6080935382563556,-0.3244485614765811,22.0
SNAP25,Ox_500uM_H2O2,2,1,0.8,15,4794,1188,3606,1863,0.5261674557259123,0.6775440402746804,-0.27887601720763916,21.0
SNAP25,control,2,1,0.8,15,4368,1062,3306,1840,0.49069353725547027,0.6262801771708064,-0.3091896980224449,22.0
SNAP25,500uM_H2O2_30min,2,2,0.8,15,2378,935,1443,679,0.5150133202844615,0.782443844664271,-0.2881815382379783,22.0
SNAP25,Ox_500uM_H2O2,2,2,0.8,15,2720,1012,1708,921,0.5766317522233916,0.7706654564739839,-0.2391014468667633,22.0
SNAP25,control,2,2,0.8,15,2181,773,1408,779,0.5514902591510406,0.7023537929977446,-0.2584621540022352,23.0
SNAP25,500uM_H2O2_30min,2,3,0.8,15,2121,515,1606,812,0.4647040897963704,0.6718937014200026,-0.33282353624753525,22.0
SNAP25,Ox_500uM_H2O2,2,3,0.8,15,2739,723,2016,1184,0.48495966027320947,0.5973466951332324,-0.3142948863522944,22.0
SNAP25,control,2,3,0.8,15,2811,558,2253,1272,0.5019108783099357,0.6568585927550841,-0.2993734301967055,22.0
Syx,500uM_H2O2_30min,1,1,0.8,15,705,103,602,236,0.2608641842848585,0.43746219980791223,-0.5835857334915819,19.0
Syx,Ox_500uM_H2O2,1,1,0.8,15,493,276,217,75,0.19643640059394457,0.30555781093441003,-0.7067780322705783,19.0
Syx,control,1,1,0.8,15,893,516,377,152,0.21303770770274516,0.41709694161800764,-0.6715595385853157,20.0
Syx,500uM_H2O2_30min,1,2,0.8,15,2187,784,1403,472,0.2793170177996012,0.4766222040748063,-0.5539072142708025,19.0
Syx,Ox_500uM_H2O2,1,2,0.8,15,2271,1007,1264,541,0.28491554179450074,0.48706703138663543,-0.5452838598812925,21.0
Syx,control,1,2,0.8,15,3537,880,2657,1193,0.4142805248828097,0.6180494512051137,-0.3827054821850002,20.0
Syx,500uM_H2O2_30min,1,3,0.8,15,3276,573,2703,1108,0.27484536023749073,0.4717074206445826,-0.5609127230803372,20.0
Syx,Ox_500uM_H2O2,1,3,0.8,15,923,263,660,279,0.22987069120925052,0.38113710554831104,-0.6385163982719048,21.0
Syx,control,1,3,0.8,15,2602,658,1944,871,0.29448459366987184,0.4781606036568495,-0.5309374209420035,21.0
Syx,500uM_H2O2_30min,2,1,0.8,15,564,234,330,177,0.09634199068852313,0.14375619592758337,-1.0161843842193345,22.0
Syx,Ox_500uM_H2O2,2,1,0.8,15,880,144,736,429,0.1368360981269411,0.15506837074742222,-0.8637993181912903,24.0
Syx,control,2,1,0.8,15,2209,519,1690,857,0.1333145533385688,0.1737231604016386,-0.8751224380607492,21.0
Syx,500uM_H2O2_30min,2,2,0.8,15,905,604,301,139,0.1522699594289199,0.18976402570809522,-0.8173857679778327,21.0
Syx,Ox_500uM_H2O2,2,2,0.8,15,683,226,457,224,0.11919571914514371,0.1548447408315056,-0.9237399397295111,23.0
Syx,control,2,2,0.8,15,676,44,632,277,0.19300085408646364,0.2374423861768744,-0.7144407691050889,21.0
Syx,500uM_H2O2_30min,2,3,0.8,15,1318,443,875,410,0.17789877644456617,0.23480047770716558,-0.7498468797411559,22.0
Syx,Ox_500uM_H2O2,2,3,0.8,15,919,153,766,392,0.19080793396373558,0.2439254749182973,-0.719403657022418,22.0
Syx,control,2,3,0.8,15,1639,368,1271,626,0.2334768491381795,0.29481887684811364,-0.6317561820699913,22.0
Syx,500uM_H2O2_30min,3,1,0.8,15,2578,498,2080,974,0.23083423201773945,0.3477458167885111,-0.6366997899071837,21.0
Syx,Ox_500uM_H2O2,3,1,0.8,15,2305,170,2135,1098,0.24229492101185707,0.33266643776302085,-0.6156557953068698,22.0
Syx,control,3,1,0.8,15,1274,498,776,360,0.2117748912687884,0.2935054607035276,-0.6741260949347003,22.0
Syx,500uM_H2O2_30min,3,2,0.8,15,956,519,437,233,0.20007635459802103,0.2612967027477281,-0.6988042340743676,20.0
Syx,Ox_500uM_H2O2,3,2,0.8,15,697,192,505,239,0.20584030232478953,0.25583430078035585,-0.6864695889338767,21.0
Syx,control,3,2,0.8,15,2261,530,1731,914,0.19182365747826352,0.26070036245999967,-0.7170978660088407,22.0
Syx,500uM_H2O2_30min,3,3,0.8,15,1735,417,1318,687,0.2178256757398443,0.30005252885957956,-0.6618909300213963,23.0
Syx,Ox_500uM_H2O2,3,3,0.8,15,1018,578,440,214,0.20731215745439568,0.2824146252970807,-0.6833752296868985,24.5
Syx,control,3,3,0.8,15,1238,366,872,473,0.25055366340211316,0.3459909019388651,-0.6010992429566611,23.0
